{"Mean":{"confidence_interval":{"confidence_level":0.95,"lower_bound":59874.28111553447,"upper_bound":61216.29721366449},"point_estimate":60490.69753053604,"standard_error":342.8742690889087},"Median":{"confidence_interval":{"confidence_level":0.95,"lower_bound":58882.63800904978,"upper_bound":59295.02762923351},"point_estimate":58958.70504585261,"standard_error":96.60375372747673},"MedianAbsDev":{"confidence_interval":{"confidence_level":0.95,"lower_bound":205.38103743219213,"upper_bound":799.6795142717465},"point_estimate":381.3976617886732,"standard_error":145.82213141026855},"Slope":{"confidence_interval":{"confidence_level":0.95,"lower_bound":59612.885022869224,"upper_bound":60711.94865310114},"point_estimate":60126.96237554221,"standard_error":281.36278271104544},"StdDev":{"confidence_interval":{"confidence_level":0.95,"lower_bound":2168.085261666963,"upper_bound":4583.760319049235},"point_estimate":3440.124189701426,"standard_error":622.871191417177}}