{"Mean":{"confidence_interval":{"confidence_level":0.95,"lower_bound":59023.608984931605,"upper_bound":60190.19872145118},"point_estimate":59567.10663247507,"standard_error":299.6906079648881},"Median":{"confidence_interval":{"confidence_level":0.95,"lower_bound":58242.39607083143,"upper_bound":58470.06309057831},"point_estimate":58316.22961258834,"standard_error":63.369132880669625},"MedianAbsDev":{"confidence_interval":{"confidence_level":0.95,"lower_bound":195.39079085556597,"upper_bound":584.7639565301264},"point_estimate":322.4618674868589,"standard_error":102.6757996615332},"Slope":{"confidence_interval":{"confidence_level":0.95,"lower_bound":58794.90132944176,"upper_bound":59687.17776206033},"point_estimate":59207.29282990986,"standard_error":228.41009139607516},"StdDev":{"confidence_interval":{"confidence_level":0.95,"lower_bound":1898.9849575692308,"upper_bound":3919.854571464687},"point_estimate":3016.4878492577445,"standard_error":515.3931464560443}}