{"Mean":{"confidence_interval":{"confidence_level":0.95,"lower_bound":20.421858684157943,"upper_bound":21.148768351587645},"point_estimate":20.78617467348667,"standard_error":0.1855123319234582},"Median":{"confidence_interval":{"confidence_level":0.95,"lower_bound":20.793496438456213,"upper_bound":21.18228298725256},"point_estimate":21.02894542483364,"standard_error":0.10225660586093582}}